City_ID,City,Lat,Lng,Max Temp,Humidity,Cloudiness,Wind Speed,Country,Date
0,ribeira grande,38.5167,-28.7,59.14,64,100,23.29,PT,1703609800
1,al wajh,26.2455,36.4525,78.75,50,40,9.22,SA,1703609800
2,khost,33.3395,69.9204,51.87,42,0,1.66,AF,1703609801
3,badger,64.8,-147.5333,-5.93,80,75,0.0,US,1703609801
4,iqaluit,63.7506,-68.5145,0.43,92,71,4.09,CA,1703609801
5,helong,42.5397,128.9972,5.27,91,6,5.61,CN,1703609803
6,crane,31.3974,-102.3501,48.61,39,0,8.16,US,1703609803
10,laojunmiao,39.8333,97.7333,27.59,27,1,2.62,CN,1703609805
11,yanam,16.7333,82.2167,71.02,85,3,4.21,IN,1703609805
14,praia da vitoria,38.7333,-27.0667,53.85,94,75,19.3,PT,1703609806
16,san patricio,28.017,-97.5169,59.88,53,98,5.5,US,1703609808
18,ghadamis,30.1337,9.5007,61.99,24,30,8.01,LY,1703609808
19,port isabel,26.0734,-97.2086,64.08,75,100,6.91,US,1703609808
21,tiksi,71.6872,128.8694,-10.64,99,100,5.73,RU,1703609809
23,whitehorse,60.7161,-135.0538,34.57,86,75,19.57,CA,1703609810
24,bethel,41.3712,-73.414,46.2,96,100,0.0,US,1703609810
25,baikonur,45.6167,63.3167,36.25,57,100,18.68,KZ,1703609810
27,montevarchi,43.5276,11.5689,54.73,94,14,2.15,IT,1703609810
29,suhbaatar,50.2314,106.2078,-9.99,100,60,2.62,MN,1703609812
31,longyearbyen,78.2186,15.6401,17.44,67,75,24.16,SJ,1703609812
32,zalingei,12.9096,23.4741,75.58,20,5,8.72,SD,1703609813
33,arar,30.9753,41.0381,59.02,55,0,9.22,SA,1703609814
34,utrik,11.2278,169.8474,81.79,83,72,21.72,MH,1703609815
35,st. john's,47.5649,-52.7093,41.97,91,100,36.82,CA,1703609815
40,isafjordur,66.0755,-23.124,24.84,80,75,3.44,IS,1703609818
42,raniganj,23.6167,87.1333,68.86,51,0,3.89,IN,1703609819
43,champerico,14.3,-91.9167,88.34,60,4,10.58,GT,1703609819
45,qaqortoq,60.7167,-46.0333,24.57,74,100,10.27,GL,1703609820
46,sisimiut,66.9395,-53.6735,11.55,66,100,9.13,GL,1703609820
47,thompson,55.7435,-97.8558,11.93,87,93,4.09,CA,1703609820
48,patterson,37.4716,-121.1297,46.78,73,92,3.74,US,1703609635
49,plastun,44.7561,136.2939,10.56,57,1,10.49,RU,1703609821
50,mount pearl,47.5166,-52.7813,41.14,91,100,36.82,CA,1703609821
51,vila franca do campo,37.7167,-25.4333,57.61,93,100,23.17,PT,1703609821
52,ola,59.5833,151.2833,8.74,90,100,9.95,RU,1703609821
53,haiku-pauwela,20.9219,-156.3051,70.03,97,100,8.05,US,1703609822
55,san luis de la loma,17.2706,-100.8939,80.65,65,98,3.74,MX,1703609823
56,ilulissat,69.2167,-51.1,-2.69,70,100,7.96,GL,1703609824
57,hawaiian paradise park,19.5933,-154.9731,67.03,93,7,4.72,US,1703609825
58,priladozhskiy,59.85,31.4833,12.92,98,99,3.98,RU,1703609825
61,wailua homesteads,22.0669,-159.378,66.74,80,40,4.61,US,1703609827
62,hasaki,35.7333,140.8333,30.6,60,7,7.52,JP,1703609828
63,olonkinbyen,70.9221,-8.7187,18.63,60,100,17.83,SJ,1703609829
64,dikhil,11.5,42.1667,72.41,60,5,9.42,DJ,1703609830
67,keflavik,64.0049,-22.5624,32.43,100,100,11.5,IS,1703609833
69,anadyr,64.75,177.4833,0.1,78,100,13.42,RU,1703609835
70,ephrata,40.1798,-76.1788,46.31,74,100,1.99,US,1703609835
72,san ignacio,17.1561,-89.0714,80.74,83,75,0.0,BZ,1703609837
75,bastogne,50.0035,5.7184,43.2,89,82,7.54,BE,1703609839
76,ciudad acuna,29.3232,-100.9522,52.3,65,0,9.22,MX,1703609839
79,la rinconada,37.4873,-5.9826,58.33,63,0,4.0,ES,1703609841
80,bayang,7.7928,124.1917,68.92,93,42,2.1,PH,1703609842
82,alo,7.4178,6.7371,89.65,17,79,2.66,NG,1703609844
83,yellowknife,62.456,-114.3525,19.42,99,29,12.93,CA,1703609845
84,dunay,42.8803,132.3375,11.71,61,1,19.26,RU,1703609845
85,georgetown,5.4112,100.3354,82.33,77,20,5.75,MY,1703609831
86,knyaze-volkonskoye,48.4642,135.4567,-11.65,96,46,8.01,RU,1703609846
88,bilibino,68.0546,166.4372,-35.1,99,96,0.47,RU,1703609847
93,kapa'a,22.0752,-159.319,68.09,80,40,4.61,US,1703609742
94,tralee,52.2704,-9.7026,44.85,87,20,6.91,IE,1703609851
95,verkhnyaya khava,51.8404,39.9413,35.11,95,99,14.67,RU,1703609851
98,klyuchi,52.2667,79.1667,25.88,76,58,15.46,RU,1703609854
99,kudahuvadhoo,2.6708,72.8944,82.27,81,92,15.14,MV,1703609855
100,stanley,54.868,-1.6985,37.78,91,0,4.61,GB,1703609856
101,talnakh,69.4865,88.3972,-8.95,97,79,6.29,RU,1703609856
102,albany,42.6001,-73.9662,46.31,91,97,1.99,US,1703609762
103,constantia,44.1833,28.65,54.7,64,53,6.67,RO,1703609857
105,hualien city,23.9769,121.6044,64.02,74,52,4.47,TW,1703609858
106,ust-nera,64.5667,143.2,-39.37,100,100,1.74,RU,1703609858
107,sinabang,2.4803,96.3801,80.44,83,96,3.0,ID,1703609860
108,ust'-kulom,61.6864,53.6902,22.32,97,100,4.83,RU,1703609860
109,colonia,50.9333,6.95,48.96,74,75,12.66,DE,1703609839
110,aasiaat,68.7098,-52.8699,-0.69,82,100,13.42,GL,1703609861
112,portland,45.5234,-122.6762,45.84,94,75,4.0,US,1703609617
113,fortuna,40.5982,-124.1573,49.12,93,0,6.91,US,1703609863
117,khash,28.2211,61.2158,56.91,36,0,6.31,IR,1703609866
118,harper,4.375,-7.7169,84.06,70,16,10.47,LR,1703609866
119,sao martinho,39.5144,-9.1311,59.56,75,70,3.0,PT,1703609867
120,morinville,53.8001,-113.652,25.84,72,2,7.29,CA,1703609868
122,kundarkhi,28.7,78.7833,62.22,39,100,2.89,IN,1703609870
123,faya-largeau,17.9257,19.1043,68.18,24,0,15.12,TD,1703609870
127,mejit,10.2753,170.8646,81.01,84,36,24.16,MH,1703609871
129,nar'yan-mar,67.6713,53.087,16.11,89,100,10.0,RU,1703609872
130,dongola,19.1667,30.4833,68.27,28,0,10.94,SD,1703609873
131,happy valley-goose bay,53.3168,-60.3315,23.31,50,75,23.02,CA,1703609873
132,igarka,67.4667,86.5833,-4.09,95,89,7.9,RU,1703609873
134,beloyarskiy,63.7119,66.6722,28.15,93,100,12.8,RU,1703609875
136,tura,25.5198,90.2201,61.38,82,1,3.38,IN,1703609876
140,hobyo,5.3505,48.5268,79.61,81,27,21.65,SO,1703609876
145,lihue,21.9789,-159.3672,67.35,81,40,4.61,US,1703609879
147,badiyah,22.45,58.8,69.12,60,54,4.34,OM,1703609880
148,kodiak,57.79,-152.4072,26.11,93,75,5.75,US,1703609881
149,hirara,24.8,125.2833,64.26,77,100,6.91,JP,1703609881
152,fort bragg,35.139,-79.006,62.82,84,100,8.05,US,1703609883
153,lata,40.1629,-8.3327,56.8,85,6,2.37,PT,1703609883
154,yulinshi,38.2906,109.7494,12.47,90,21,1.83,CN,1703609884
155,petropavlovsk-kamchatsky,53.0452,158.6483,1.99,87,20,6.71,RU,1703609884
156,kitimat,54.0524,-128.6534,39.58,99,98,7.0,CA,1703609885
157,fort mcmurray,56.7268,-111.381,21.09,80,21,4.38,CA,1703609796
159,gumdag,39.2061,54.5906,51.06,89,5,6.6,TM,1703609888
161,puerto cabezas,14.0351,-83.3888,84.16,79,40,6.91,NI,1703609889
163,susuman,62.7833,148.1667,-41.57,100,98,1.1,RU,1703609890
164,jamestown,42.097,-79.2353,51.39,97,100,11.5,US,1703609650
165,mukalla,14.5425,49.1242,75.69,74,10,7.16,YE,1703609892
166,yuzhno-kurilsk,44.0306,145.8556,30.38,77,100,19.8,RU,1703609893
167,abong mbang,3.9833,13.1833,78.08,33,54,2.62,CM,1703609894
168,nepalgunj,28.05,81.6167,60.01,55,24,3.6,NP,1703609894
169,bordj el kiffan,36.7487,3.1925,59.77,56,2,4.65,DZ,1703609894
170,vadso,70.0744,29.7487,23.88,91,95,3.69,NO,1703609895
171,i-n-salah,27.1935,2.4607,71.24,12,89,7.99,DZ,1703609895
172,bo rai,12.5728,102.5371,71.26,66,92,5.21,TH,1703609895
173,krasnogvardeyskoye,45.8456,41.5186,46.58,76,97,16.37,RU,1703609895
174,beihai,21.4833,109.1,63.12,57,0,8.03,CN,1703609896
175,aquin,18.2833,-73.4,80.73,72,15,4.68,HT,1703609896
176,agueda,40.5772,-8.4444,56.43,77,10,1.01,PT,1703609896
177,ciudad lazaro cardenas,17.9583,-102.2,73.2,74,100,9.06,MX,1703609889
178,hamilton,39.1834,-84.5333,56.59,95,100,4.61,US,1703609709
179,udachny,66.4167,112.4,-13.56,75,100,3.69,RU,1703609897
180,pikeville,37.4793,-82.5188,63.32,89,100,4.61,US,1703609613
181,mo i rana,66.3128,14.1428,23.32,86,75,2.3,NO,1703609897
182,vytegra,61.0064,36.4481,14.45,96,100,2.73,RU,1703609898
184,lompoc,34.6391,-120.4579,60.78,89,0,8.05,US,1703609898
186,areka,7.0667,37.7,70.11,41,69,7.09,ET,1703609900
187,turpan,42.9333,89.1667,24.19,47,56,2.1,CN,1703609900
188,nyagan,62.1406,65.3936,29.5,96,100,9.93,RU,1703609900
189,tidjikja,18.5564,-11.4271,88.79,6,14,4.61,MR,1703609901
190,adrar,20.5022,-10.0711,84.52,9,56,3.2,MR,1703609902
191,sandersville,32.9815,-82.8101,65.88,97,100,7.31,US,1703609902
192,brezina,33.0989,1.2608,55.22,21,29,3.94,DZ,1703609903
194,college,64.8569,-147.8028,-5.85,76,75,0.0,US,1703609903
195,severomorsk,69.0689,33.4162,17.35,94,100,5.66,RU,1703609904
198,ulsteinvik,62.3432,5.8487,40.75,81,100,17.0,NO,1703609905
199,krasnyy yar,46.5331,48.3456,40.96,77,82,19.98,RU,1703609905
200,tianchang,37.9981,114.0156,21.6,86,57,4.76,CN,1703609905
203,el granada,37.5027,-122.4694,52.99,88,75,0.0,US,1703609906
204,horta,38.5333,-28.6333,56.01,89,100,11.01,PT,1703609906
205,san julian,21.0167,-102.1667,55.56,51,100,7.87,MX,1703609907
207,miles city,46.4083,-105.8406,25.88,59,99,2.21,US,1703609907
208,maitum,6.0392,124.4986,78.85,79,31,3.91,PH,1703609907
209,saipan,15.1355,145.701,81.3,83,100,19.57,MP,1703609907
210,revda,56.801,59.9303,19.44,93,100,15.43,RU,1703609908
212,jackson,42.4165,-122.8345,42.58,96,90,0.43,US,1703609908
214,ciudad madero,22.2667,-97.8333,69.39,77,100,9.15,MX,1703609615
215,dahab,28.501,34.5134,73.51,38,0,8.9,EG,1703609910
216,marka,1.7159,44.7717,80.2,85,53,20.56,SO,1703609910
217,howrah,22.5892,88.3103,68.0,77,20,0.0,IN,1703609912
218,boma,7.0805,-2.1697,93.69,15,42,3.91,GH,1703609913
219,tazovsky,67.4667,78.7,16.34,94,100,15.23,RU,1703609913
220,stornoway,58.2093,-6.3865,38.95,76,66,5.57,GB,1703609914
223,saint-louis,16.3333,-15.0,95.76,5,4,10.89,SN,1703609915
224,iskateley,67.6803,53.1512,16.02,89,100,10.0,RU,1703609823
227,la ronge,55.1001,-105.2842,14.25,79,20,2.3,CA,1703609917
228,machico,32.7,-16.7667,66.7,75,11,9.35,PT,1703609917
229,nova sintra,14.8667,-24.7167,69.17,78,5,13.8,CV,1703609918
230,gadzhiyevo,69.2551,33.3362,19.17,93,99,6.24,RU,1703609919
232,sovetskaya gavan',48.9723,140.2878,-1.89,81,23,6.2,RU,1703609920
235,polyarnyy,69.1989,33.4478,19.56,93,99,6.55,RU,1703609921
237,al muwayh,22.4333,41.7583,73.38,28,20,18.28,SA,1703609924
238,hangha,7.9411,-11.14,94.77,18,20,2.35,SL,1703609925
239,vorgashor,67.5833,63.95,7.43,89,100,6.4,RU,1703609925
240,meadow lake,34.8014,-106.5436,35.2,39,1,20.87,US,1703609926
241,eydhafushi,5.1033,73.0708,82.56,78,93,19.6,MV,1703609926
242,zhangjiagang,31.865,120.5389,39.9,95,87,1.01,CN,1703609927
243,san jose del guaviare,2.5729,-72.6459,82.53,84,91,0.69,CO,1703609927
244,afif,23.9065,42.9172,69.53,36,43,12.3,SA,1703609927
245,chernyshevskiy,63.0128,112.4714,-33.74,100,49,2.13,RU,1703609927
246,bikenibeu village,1.3673,173.1241,82.72,77,98,6.31,KI,1703609927
248,halabjah,35.1778,45.9861,50.27,67,0,1.43,IQ,1703609928
249,west end,26.6833,-78.9667,75.18,86,100,18.14,BS,1703609929
250,palmer,42.1584,-72.3287,49.66,100,100,0.0,US,1703609930
252,dickinson,29.4608,-95.0513,53.17,72,100,9.22,US,1703609930
253,kavalerovo,44.2661,135.0572,8.55,79,82,11.99,RU,1703609932
254,morehead city,34.7229,-76.726,69.8,74,75,11.5,US,1703609824
255,tarawa,1.419,172.984,82.83,77,98,6.67,KI,1703609634
257,nemuro,43.3236,145.575,31.55,75,100,15.73,JP,1703609933
259,northam,51.0333,-4.2167,50.67,90,100,8.12,GB,1703609935
260,estevan,49.1334,-102.9842,19.74,72,98,1.5,CA,1703609935
261,vilyuchinsk,52.9306,158.4028,3.47,85,91,5.01,RU,1703609935
262,adani,6.7397,7.0112,88.92,19,72,4.23,NG,1703609936
264,cockburn town,21.4612,-71.1419,77.4,72,71,13.65,TC,1703609937
265,berdigestyakh,62.0989,126.6992,-25.96,100,100,1.81,RU,1703609937
268,belokurikha,51.9959,84.9896,34.3,90,100,8.3,RU,1703609940
270,namdrik,5.5994,168.1028,82.13,78,67,7.25,MH,1703609940
271,axim,4.8699,-2.2405,84.24,70,61,9.48,GH,1703609941
272,mairwa,26.2333,84.15,64.87,50,0,1.92,IN,1703609942
273,salalah,17.0151,54.0924,75.07,74,1,4.21,OM,1703609942
274,gondar,12.6,37.4667,66.11,49,85,6.98,ET,1703609943
275,bandon,51.7469,-8.7425,45.99,94,100,15.95,IE,1703609828
277,malacca,2.196,102.2405,79.03,92,40,3.44,MY,1703609944
281,pacific grove,36.6177,-121.9166,46.08,81,0,0.0,US,1703609948
282,bamboo flat,11.7,92.7167,81.07,72,36,13.27,IN,1703609948
286,kalach-na-donu,48.691,43.5264,37.67,80,95,18.52,RU,1703609950
288,ust'-ilimsk,58.0006,102.6619,-12.57,99,83,3.0,RU,1703609952
289,lashio,22.9333,97.75,53.53,98,1,1.32,MM,1703609952
291,al qusayr,34.5091,36.5798,54.09,65,0,5.21,SY,1703609953
293,salekhard,66.53,66.6019,16.52,96,100,16.49,RU,1703609955
294,sinop,41.7711,34.8709,47.46,72,3,10.42,TR,1703609956
295,kapuskasing,49.4169,-82.4331,23.09,74,100,5.75,CA,1703609702
296,rongelap,11.1635,166.8941,81.37,84,61,21.23,MH,1703609957
297,nizhneangarsk,55.7833,109.55,-2.42,84,15,5.53,RU,1703609957
298,ust'-ordynskiy,52.805,104.7508,3.33,96,88,5.28,RU,1703609958
299,as sulayyil,20.4607,45.5779,71.85,40,0,11.68,SA,1703609958
300,poronaysk,49.2167,143.1167,-4.25,94,50,4.09,RU,1703609959
305,chibougamau,49.9168,-74.3659,19.02,86,75,6.91,CA,1703609962
306,khorramabad,33.4878,48.3558,48.15,49,0,0.81,IR,1703609963
307,chapaev,50.2,51.1667,35.19,98,100,14.09,KZ,1703609963
309,sai buri,6.7013,101.6168,78.96,82,100,11.14,TH,1703609964
310,kalmunai,7.4167,81.8167,78.12,88,84,9.51,LK,1703609965
311,tuzlukcu,38.4778,31.6264,49.14,48,0,4.63,TR,1703609722
313,sitka,57.0531,-135.33,37.29,81,100,3.44,US,1703609966
314,evanston,42.0411,-87.6901,42.12,83,71,5.99,US,1703609953
316,reggane,26.7158,0.1714,74.26,12,100,7.96,DZ,1703609968
317,tongshan,34.1805,117.1571,35.91,73,11,3.98,CN,1703609968
318,kabala,9.5833,-11.55,94.69,11,21,3.58,SL,1703609968
319,basudebpur,21.1353,86.7386,67.28,71,0,1.07,IN,1703609969
320,khanpur,28.6453,70.6567,65.64,29,50,5.53,PK,1703609969
321,ekibastuz,51.6667,75.3667,28.04,74,7,22.66,KZ,1703609933
322,st. paul,44.9444,-93.0933,36.43,93,100,13.8,US,1703609918
323,wad medani,14.4012,33.5199,79.81,26,24,11.52,SD,1703609971
324,tahoua,14.8888,5.2692,82.38,14,0,8.05,NE,1703609971
327,capo d'orlando,38.1435,14.7305,60.42,76,0,1.63,IT,1703609973
329,ban nong wua so,17.2675,103.2247,62.94,69,22,6.64,TH,1703609974
331,golyshmanovo,56.3979,68.3728,26.56,93,100,25.79,RU,1703609976
333,elizabeth city,36.2946,-76.2511,62.62,78,40,9.22,US,1703609977
334,roma,43.2128,-75.4557,51.66,72,100,6.96,US,1703609979
335,kriva palanka,42.2019,22.3319,46.71,60,56,1.7,MK,1703609948
336,kristiansund,63.1115,7.732,35.65,93,75,13.8,NO,1703609979
337,newman,37.3138,-121.0208,46.63,76,91,2.82,US,1703609980
338,talakan,50.3167,130.3667,-18.15,100,93,1.21,RU,1703609980
339,prilep,41.3464,21.5544,47.88,56,9,1.54,MK,1703609980
340,lucea,18.451,-78.1736,86.86,70,2,4.34,JM,1703609981
341,thai binh,20.45,106.3333,62.55,81,3,5.37,VN,1703609981
342,mogadishu,2.0371,45.3438,80.58,83,69,21.7,SO,1703609982
344,portarlington,53.1622,-7.1911,41.2,82,100,8.59,IE,1703609983
345,petukhovo,55.0692,67.9019,25.84,92,100,28.81,RU,1703609984
346,aykhal,66.0,111.5,-15.92,100,100,5.53,RU,1703609985
348,karwar,14.8,74.1333,77.27,46,0,7.14,IN,1703609986
349,manati,18.4275,-66.4921,84.7,82,41,9.26,PR,1703609986
350,nurota,40.5614,65.6886,48.78,39,81,10.07,UZ,1703609987
351,coral springs,26.2712,-80.2706,80.02,83,75,8.05,US,1703609736
353,klaksvik,62.2266,-6.589,36.81,52,99,8.55,FO,1703609987
354,kargasok,59.0556,80.8572,26.96,97,100,10.0,RU,1703609987
355,al artawiyah,26.5053,45.3444,65.53,44,53,14.23,SA,1703609988
356,bonthe,7.5264,-12.505,86.5,55,5,11.21,SL,1703609988
357,westport,41.1415,-73.3579,46.42,96,100,1.01,US,1703609892
360,wanxian,30.8039,108.3897,48.92,79,16,0.72,CN,1703609989
362,vernon,50.2581,-119.2691,37.92,76,85,4.61,CA,1703609990
364,kattivakkam,13.2167,80.3167,76.91,72,16,10.29,IN,1703609990
365,pachino,36.7186,15.0907,57.11,69,0,7.61,IT,1703609991
367,hammerfest,70.6634,23.6821,28.85,69,20,9.22,NO,1703609992
368,kamaishi,39.2667,141.8833,36.41,68,45,16.84,JP,1703609993
369,edmundston,47.3737,-68.3251,39.67,81,100,0.0,CA,1703609994
371,dunbar,38.3606,-81.7374,63.68,69,75,9.22,US,1703609927
372,dudinka,69.4058,86.1778,-9.92,98,92,4.03,RU,1703609996
373,shizuishan,39.2333,106.7694,21.52,56,6,2.71,CN,1703609997
374,usinsk,65.9939,57.5281,27.3,75,100,27.07,RU,1703609997
375,el fasher,13.6279,25.3494,71.65,20,27,9.91,SD,1703609997
376,tabou,4.423,-7.3528,84.2,69,27,10.85,CI,1703609998
377,airway heights,47.6446,-117.5933,32.13,90,100,3.44,US,1703609912
378,tokar,18.4254,37.729,76.71,85,100,14.79,SD,1703609998
379,fort st. john,56.2499,-120.8529,21.09,79,75,3.44,CA,1703609836
380,bakchar,57.0186,82.0711,32.45,85,100,13.6,RU,1703609999
383,oebisfelde,52.4333,10.9833,49.37,76,57,20.71,DE,1703610000
384,pokaran,26.9167,71.9167,69.4,24,70,5.21,IN,1703610000
386,brokopondo,4.75,-55.1667,85.46,64,94,1.25,SR,1703610008
387,hjo,58.3013,14.2878,28.38,96,71,8.37,SE,1703610010
388,beykonak,36.3257,30.303,60.64,76,3,5.19,TR,1703610018
390,aras-asan,8.8908,126.3033,77.88,88,50,1.92,PH,1703610022
392,wajir,1.7471,40.0573,90.32,31,47,8.52,KE,1703609833
393,enewetak,11.3474,162.3373,81.73,81,12,19.57,MH,1703610024
394,nouadhibou,20.931,-17.0347,75.18,50,6,9.22,MR,1703610026
395,zhatay,62.1594,129.8294,-39.95,67,100,2.24,RU,1703610026
396,muroto-misakicho,33.2833,134.15,48.99,66,71,5.35,JP,1703610027
397,visby,57.6409,18.296,36.68,85,98,15.41,SE,1703610029
400,weno,7.4515,151.8468,82.96,78,65,17.34,FM,1703610034
401,qa'en,33.7265,59.1844,48.87,36,0,5.91,IR,1703610037
403,margate,51.3813,1.3862,51.69,79,100,6.55,GB,1703609544
405,soron,27.8833,78.75,62.22,39,98,1.9,IN,1703610040
406,nieuw amsterdam,5.8833,-55.0833,88.02,72,20,0.0,SR,1703610041
407,broome,42.2506,-75.833,48.54,89,100,8.46,US,1703610042
409,paradip garh,20.3167,86.6167,67.73,74,0,2.15,IN,1703610045
410,bontang,0.1333,117.5,79.18,84,30,3.91,ID,1703610045
411,goure,13.9835,10.2704,69.82,12,0,9.55,NE,1703610047
412,mili,6.0815,171.735,81.82,84,62,13.29,MH,1703610048
413,wenchang,30.904,118.4887,42.08,66,63,0.89,CN,1703610050
414,prince rupert,54.3161,-130.3201,40.69,93,100,27.63,CA,1703610050
415,kuqa,41.7278,82.9364,26.69,50,100,1.95,CN,1703610050
416,hotan,37.0997,79.9269,30.43,32,79,4.94,CN,1703610051
417,keelung,25.1283,121.7419,68.09,75,42,10.89,TW,1703609889
418,al hudaydah,14.7978,42.9545,78.35,83,4,18.19,YE,1703610052
419,tambovka,50.0969,128.0489,-16.02,98,6,5.01,RU,1703610053
420,kyzyl,51.7,94.45,-8.99,94,64,1.59,RU,1703610053
421,progreso,21.2833,-89.6667,75.4,82,27,9.44,MX,1703610055
423,chernyshevsk,52.5243,117.0174,-17.09,100,31,1.07,RU,1703610056
425,kourou,5.1552,-52.6478,87.85,67,97,6.73,GF,1703610058
427,tonj,7.2737,28.6822,84.25,19,100,4.94,SS,1703610070
428,naze,28.3667,129.4833,59.94,51,100,4.18,JP,1703610076
429,fernley,39.608,-119.2518,40.8,81,84,1.07,US,1703610007
430,concepcion del oro,24.6333,-101.4167,53.26,29,100,2.98,MX,1703610080
433,hilo,19.7297,-155.09,67.24,75,12,3.69,US,1703610082
435,skeldon,5.8833,-57.1333,86.47,60,100,6.78,GY,1703610084
437,tamanrasset,22.785,5.5228,73.31,6,0,6.91,DZ,1703610087
438,kotido,2.9806,34.1331,81.61,38,100,15.84,UG,1703610088
439,harstad,68.799,16.5293,25.81,94,100,20.2,NO,1703610089
442,angaur state,6.906,134.13,83.53,78,15,15.35,PW,1703610092
444,arkadelphia,34.1209,-93.0538,40.17,100,40,0.0,US,1703610094
446,cambria,35.5641,-121.0808,54.63,98,100,1.01,US,1703609898
447,undurkhaan,47.3194,110.6556,8.92,87,99,10.47,MN,1703610097
448,tromso,69.6496,18.957,30.22,80,75,23.02,NO,1703610065
449,poretskoye,55.1974,46.3291,21.69,98,94,2.75,RU,1703610098
450,billiri,9.8647,11.2253,76.5,20,46,7.65,NG,1703610098
451,yarmouth,41.7057,-70.2286,46.96,98,100,5.75,US,1703610100
452,carbonear,47.7332,-53.2148,42.15,88,100,23.22,CA,1703610101
454,lhokseumawe,5.1801,97.1507,77.4,92,100,8.37,ID,1703610104
455,brookings,44.3114,-96.7984,29.37,97,100,9.22,US,1703610106
456,mayqayyng,51.4625,75.7986,27.16,75,7,20.69,KZ,1703610109
457,rachitoasa,46.4333,27.3667,50.18,67,54,6.62,RO,1703610109
458,kingston,17.997,-76.7936,85.15,78,20,11.5,JM,1703609653
459,elvas,38.8815,-7.1628,43.65,91,0,1.92,PT,1703610111
460,carboneras,37.0015,-1.9213,59.5,70,4,2.17,ES,1703610111
462,merced,37.1666,-120.7516,46.63,76,93,2.39,US,1703610037
463,qarqaraly,49.4058,75.4742,19.38,87,57,16.35,KZ,1703610113
465,fayroz koh,34.5195,65.2509,37.24,55,0,4.21,AF,1703610114
468,maravatio de ocampo,19.9,-100.45,50.77,82,100,4.7,MX,1703610117
469,nanma,36.1817,118.1583,29.86,83,3,3.74,CN,1703610117
470,flin flon,54.7682,-101.865,3.04,85,20,5.75,CA,1703610117
471,hami,42.8,93.45,18.63,77,16,3.71,CN,1703610118
472,pirallahi,40.4723,50.333,51.94,76,52,14.99,AZ,1703610119
473,gilgit,35.9221,74.3087,43.25,43,45,1.9,PK,1703610120
474,shihezi,44.3,86.0333,20.46,77,55,5.23,CN,1703610025
475,buncrana,55.1333,-7.45,37.17,74,100,5.88,IE,1703610121
477,dong ha,16.8163,107.1003,64.54,89,100,8.08,VN,1703610123
478,slatina,44.4333,24.3667,55.45,68,81,5.97,RO,1703610124
479,ochsenfurt,49.6643,10.0623,48.31,88,100,14.32,DE,1703610125
480,saltillo,25.4167,-101.0,60.78,46,100,3.69,MX,1703610007
483,smithers,54.7804,-127.1743,35.92,87,100,19.57,CA,1703610128
486,chumphon,10.3333,98.8333,72.57,73,98,5.08,TH,1703610130
487,dakhla,23.6848,-15.958,68.02,77,4,17.27,EH,1703610131
489,dalbandin,28.8947,64.4101,63.1,34,0,5.73,PK,1703610132
490,fort morgan,40.2503,-103.8,30.85,80,100,24.16,US,1703610010
491,kailua-kona,19.6406,-155.9956,68.27,87,16,1.01,US,1703610134
492,kargil,34.5667,76.1,24.98,42,0,4.56,IN,1703610135
493,kidal,18.4411,1.4078,74.75,10,100,9.4,ML,1703610136
494,gokak,16.1667,74.8333,71.6,41,0,7.11,IN,1703610137
495,antigonish,45.6169,-61.9986,46.27,88,100,15.97,CA,1703610137
496,mil'kovo,55.6078,37.7956,30.43,87,100,11.52,RU,1703610138
497,najran,17.4924,44.1277,68.65,33,0,6.49,SA,1703610138
499,sitangkai,4.6628,119.3928,82.85,75,71,5.44,PH,1703610140
500,gaillon,49.161,1.3402,54.28,91,97,5.82,FR,1703610141
501,tafresh,34.692,50.013,42.1,43,1,6.24,IR,1703610142
502,baiti,13.745,-14.7482,99.64,8,0,9.48,SN,1703610143
504,bardai,11.65,7.2333,73.29,12,1,9.31,NG,1703610147
507,tazacorte,28.629,-17.9293,69.15,75,0,1.99,ES,1703610149
508,hillsdale,41.0026,-74.0404,49.24,84,100,1.01,US,1703610150
509,shenjiamen,29.9576,122.298,52.77,75,3,6.82,CN,1703610150
511,valle aurina - ahrntal,46.9962,11.9799,33.62,74,70,7.23,IT,1703610153
512,arfoud,31.4348,-4.2375,55.94,16,0,2.93,MA,1703610155
513,sur,22.5667,59.5289,75.33,59,57,1.32,OM,1703610156
515,shimoda,34.6667,138.95,46.96,69,5,13.51,JP,1703610158
517,nkwerre,5.7556,7.1063,86.13,23,93,1.43,NG,1703610159
519,zhosaly,45.4878,64.0781,35.83,59,100,16.04,KZ,1703610160
520,arkalyk,50.2486,66.9114,26.64,88,100,23.13,KZ,1703610160
521,falun,60.6036,15.626,9.21,91,27,3.22,SE,1703610161
522,umba,66.6871,34.3429,17.28,99,100,0.76,RU,1703610162
523,kharp,66.8014,65.8081,9.23,91,99,5.01,RU,1703610162
524,wusong,30.95,117.7833,42.8,64,66,1.59,CN,1703610162
525,okhotsk,59.3833,143.3,-13.36,74,90,16.51,RU,1703610163
526,bulgan,48.8125,103.5347,6.8,85,32,5.48,MN,1703610164
528,santa marta,11.2408,-74.199,87.85,76,20,5.75,CO,1703609982
529,maridi,4.9158,29.4742,81.46,27,100,3.87,SS,1703610167
530,nuh,28.1167,77.0167,63.84,38,92,2.04,IN,1703610168
534,zhangjiakou shi xuanhua qu,40.6103,115.0447,13.68,88,41,0.89,CN,1703610171
535,eyl,7.9803,49.8164,78.04,75,50,20.51,SO,1703610171
536,belen,36.4891,36.2233,50.4,93,40,2.3,TR,1703610172
537,kalispell,48.1958,-114.3129,25.66,91,94,0.25,US,1703609984
538,porto novo,6.4965,2.6036,84.06,64,68,8.66,BJ,1703610173
540,quartu sant'elena,39.2419,9.1839,58.03,62,20,6.91,IT,1703610174
541,freetown,8.484,-13.2299,82.17,64,32,7.85,SL,1703610175
544,tezu,27.9167,96.1667,61.38,50,1,3.76,IN,1703610178
547,obudu,6.6674,9.1716,85.6,23,100,2.8,NG,1703610180
548,dryden,49.7833,-92.7503,27.91,75,100,7.45,CA,1703610181
549,daxi,24.8837,121.2904,64.81,81,21,4.05,TW,1703610183
554,lewiston orchards,46.3804,-116.9754,39.87,84,100,5.75,US,1703610190
555,pandan,14.0453,124.1694,79.03,89,94,11.5,PH,1703610190
558,changzhi,35.2089,111.7386,32.14,75,1,2.13,CN,1703610193
560,yomju-up,39.8933,124.5981,14.23,89,89,7.34,KP,1703610194
561,sainte-menehould,49.0833,4.9,48.09,96,100,8.41,FR,1703610195
564,cova figueira,14.8905,-24.2934,71.26,75,3,13.33,CV,1703610197
